{"acc": 0.8301433903148672, "loss": 0.11147662732835677, "_timestamp": 1715000701.297904, "_runtime": 9.40616512298584, "_step": 7, "_wandb": {"runtime": 8}}